{"test_loss_step": 0.14221042394638062, "trainer/global_step": 0, "_timestamp": 1709848422.0488226, "_runtime": 9.210672616958618, "_step": 0, "_wandb": {"runtime": 9}}