{"test_loss_step": 0.142219677567482, "trainer/global_step": 0, "_timestamp": 1709848358.0655649, "_runtime": 9.206190824508667, "_step": 0, "_wandb": {"runtime": 9}}