{"test_loss_step": 0.14222358167171478, "trainer/global_step": 0, "_timestamp": 1709846373.8863351, "_runtime": 10.03940725326538, "_step": 0, "_wandb": {"runtime": 9}}