{"test_loss_step": 0.1422213315963745, "trainer/global_step": 0, "_timestamp": 1709839720.6003726, "_runtime": 54.93056058883667, "_step": 2, "conf_mat": {"_type": "image-file", "sha256": "78d68d39102a94dbe98dd9801bd1a7d5b4939c795ca90536d0065665a5d43436", "size": 10561, "path": "media/images/conf_mat_1_78d68d39102a94dbe98d.png", "format": "png", "width": 640, "height": 480}, "attentions": {"_type": "image-file", "sha256": "4b0f11b7fee1006446600b3641d5c91177e0efb761c56588b85633f850abb8d9", "size": 58226, "path": "media/images/attentions_1_4b0f11b7fee100644660.png", "format": "png", "width": 1538, "height": 805}, "test_BinaryAccuracy": 0.9833748936653137, "test_BinaryPrecision": 0.9722222089767456, "test_BinaryRecall": 0.6481481194496155, "test_BinaryF1Score": 0.7777777910232544, "test_loss_epoch": 0.1422213315963745, "epoch": 2, "_wandb": {"runtime": 54}}