{"test_loss_step": 0.1422145962715149, "trainer/global_step": 0, "_timestamp": 1709846997.0124784, "_runtime": 9.353596448898315, "_step": 0, "_wandb": {"runtime": 9}}