{"test_loss_step": 0.14222098886966705, "trainer/global_step": 0, "_timestamp": 1709845661.2227104, "_runtime": 9.285386323928833, "_step": 0, "_wandb": {"runtime": 9}}