{"test_loss_step": 0.007932444103062153, "trainer/global_step": 0, "_timestamp": 1709847456.4853876, "_runtime": 10.544530630111694, "_step": 1, "test_BinaryAccuracy": 0.9983375072479248, "test_BinaryPrecision": 1.0, "test_BinaryRecall": 0.9473684430122375, "test_BinaryF1Score": 0.9729729890823364, "test_loss_epoch": 0.007932444103062153, "epoch": 2, "_wandb": {"runtime": 9}}