{"test_loss_step": 0.14222516119480133, "trainer/global_step": 0, "_timestamp": 1709839626.7195914, "_runtime": 144.66340827941895, "_step": 2, "conf_mat": {"_type": "image-file", "sha256": "78d68d39102a94dbe98dd9801bd1a7d5b4939c795ca90536d0065665a5d43436", "size": 10561, "path": "media/images/conf_mat_1_78d68d39102a94dbe98d.png", "format": "png", "width": 640, "height": 480}, "attentions": {"_type": "image-file", "sha256": "e339fa24f33fc81eafa9e86ac80b66a808cc6e281ec8e1260733ab125668730a", "size": 55364, "path": "media/images/attentions_1_e339fa24f33fc81eafa9.png", "format": "png", "width": 1538, "height": 805}, "test_BinaryAccuracy": 0.9833748936653137, "test_BinaryPrecision": 0.9722222089767456, "test_BinaryRecall": 0.6481481194496155, "test_BinaryF1Score": 0.7777777910232544, "test_loss_epoch": 0.14222516119480133, "epoch": 2, "_wandb": {"runtime": 144}}