{"test_loss_step": 0.14221923053264618, "trainer/global_step": 0, "_timestamp": 1709846959.4509614, "_runtime": 9.270333290100098, "_step": 0, "_wandb": {"runtime": 9}}