{"test_loss_step": 0.14221632480621338, "trainer/global_step": 0, "_timestamp": 1709838870.6174674, "_runtime": 43.76573348045349, "_step": 2, "conf_mat": {"_type": "image-file", "sha256": "78d68d39102a94dbe98dd9801bd1a7d5b4939c795ca90536d0065665a5d43436", "size": 10561, "path": "media/images/conf_mat_1_78d68d39102a94dbe98d.png", "format": "png", "width": 640, "height": 480}, "attentions": {"_type": "image-file", "sha256": "c29ddc0a4eba9f63ff739ccb70d39887572ab8a734ed73a904bae90b2caba01c", "size": 54821, "path": "media/images/attentions_1_c29ddc0a4eba9f63ff73.png", "format": "png", "width": 1538, "height": 805}, "test_BinaryAccuracy": 0.9833748936653137, "test_BinaryPrecision": 0.9722222089767456, "test_BinaryRecall": 0.6481481194496155, "test_BinaryF1Score": 0.7777777910232544, "test_loss_epoch": 0.14221632480621338, "epoch": 2, "_wandb": {"runtime": 43}}