{"test_loss_step": 0.0170944482088089, "trainer/global_step": 0, "_timestamp": 1709848883.8259072, "_runtime": 9.176552295684814, "_step": 0, "_wandb": {"runtime": 9}}