{"test_loss_step": 0.009124476462602615, "trainer/global_step": 0, "_timestamp": 1709850766.880208, "_runtime": 10.472330093383789, "_step": 1, "test_BinaryAccuracy": 0.9954280853271484, "test_BinaryPrecision": 0.9722222089767456, "test_BinaryRecall": 0.8860759735107422, "test_BinaryF1Score": 0.9271523356437683, "test_loss_epoch": 0.009124476462602615, "epoch": 2, "_wandb": {"runtime": 10}}