{"test_loss_step": 0.1422165185213089, "trainer/global_step": 0, "_timestamp": 1709847617.8897984, "_runtime": 10.444973468780518, "_step": 1, "test_BinaryAccuracy": 0.9833748936653137, "test_BinaryPrecision": 0.9722222089767456, "test_BinaryRecall": 0.6481481194496155, "test_BinaryF1Score": 0.7777777910232544, "test_loss_epoch": 0.1422165185213089, "epoch": 2, "_wandb": {"runtime": 10}}