{"test_loss_step": 0.1422220915555954, "trainer/global_step": 0, "_timestamp": 1709848479.308894, "_runtime": 9.243943929672241, "_step": 0, "_wandb": {"runtime": 9}}