{"test_loss_step": 0.1422288566827774, "trainer/global_step": 0, "_timestamp": 1709847908.5883563, "_runtime": 9.223847150802612, "_step": 0, "_wandb": {"runtime": 9}}